Entity,Code,Year,Population
ALL NYULH,ALL NYULH,2020,691927
ALL NYULH,ALL NYULH,2019,1005017
ALL NYULH,ALL NYULH,2018,1042561
ALL NYULH,ALL NYULH,2017,660495
ALL NYULH,ALL NYULH,2016,629374
ALL NYULH,ALL NYULH,2015,448522
ALL NYULH,ALL NYULH,2014,331852
ALL NYULH,ALL NYULH,2013,344721
ALL NYULH,ALL NYULH,2012,207354
ALL NYULH,ALL NYULH,2011,174971
ALL NYULH,ALL NYULH,2010,30023
Academic Affairs,Academic Affairs,2020,1264
Academic Affairs,Academic Affairs,2019,1938
Academic Affairs,Academic Affairs,2018,1899
Academic Affairs,Academic Affairs,2017,1142
Academic Affairs,Academic Affairs,2016,921
Academic Affairs,Academic Affairs,2015,689
Academic Affairs,Academic Affairs,2014,521
Academic Affairs,Academic Affairs,2013,674
Academic Affairs,Academic Affairs,2012,290
Academic Affairs,Academic Affairs,2011,324
Administrative,Administrative,2020,9420
Administrative,Administrative,2019,24798
Administrative,Administrative,2018,25985
Administrative,Administrative,2017,12793
Administrative,Administrative,2016,6904
Administrative,Administrative,2015,5258
Administrative,Administrative,2014,3247
Administrative,Administrative,2013,4273
Administrative,Administrative,2012,2259
Administrative,Administrative,2011,2005
Administrative,Administrative,2010,754
Advanced Practice,Advanced Practice,2020,26015
Advanced Practice,Advanced Practice,2019,42641
Advanced Practice,Advanced Practice,2018,49330
Advanced Practice,Advanced Practice,2017,30414
Advanced Practice,Advanced Practice,2016,29141
Advanced Practice,Advanced Practice,2015,21028
Advanced Practice,Advanced Practice,2014,16157
Advanced Practice,Advanced Practice,2013,14438
Advanced Practice,Advanced Practice,2012,9574
Advanced Practice,Advanced Practice,2011,5759
Advanced Practice,Advanced Practice,2010,1178
Allied Health Professionals,Allied Health Professionals,2020,190
Allied Health Professionals,Allied Health Professionals,2019,250
Allied Health Professionals,Allied Health Professionals,2018,575
Allied Health Professionals,Allied Health Professionals,2017,258
Allied Health Professionals,Allied Health Professionals,2016,272
Allied Health Professionals,Allied Health Professionals,2015,203
Allied Health Professionals,Allied Health Professionals,2014,94
Allied Health Professionals,Allied Health Professionals,2013,82
Allied Health Professionals,Allied Health Professionals,2012,12
Allied Health Professionals,Allied Health Professionals,2011,15
Anesthesiology,Anesthesiology,2020,318
Anesthesiology,Anesthesiology,2019,671
Anesthesiology,Anesthesiology,2018,999
Anesthesiology,Anesthesiology,2017,321
Anesthesiology,Anesthesiology,2016,390
Anesthesiology,Anesthesiology,2015,282
Anesthesiology,Anesthesiology,2014,201
Anesthesiology,Anesthesiology,2013,192
Anesthesiology,Anesthesiology,2012,100
Anesthesiology,Anesthesiology,2011,135
Anesthesiology,Anesthesiology,2010,9
Blank,Blank,2020,53384
Blank,Blank,2019,50407
Blank,Blank,2018,59819
Blank,Blank,2017,58312
Blank,Blank,2016,106143
Blank,Blank,2015,107186
Blank,Blank,2014,103478
Blank,Blank,2013,115686
Blank,Blank,2012,77946
Blank,Blank,2011,68180
Blank,Blank,2010,10767
Broad Based - Admin Support,Broad Based - Admin Support,2020,10868
Broad Based - Admin Support,Broad Based - Admin Support,2019,18975
Broad Based - Admin Support,Broad Based - Admin Support,2018,26504
Broad Based - Admin Support,Broad Based - Admin Support,2017,16781
Broad Based - Admin Support,Broad Based - Admin Support,2016,15291
Broad Based - Admin Support,Broad Based - Admin Support,2015,10317
Broad Based - Admin Support,Broad Based - Admin Support,2014,5790
Broad Based - Admin Support,Broad Based - Admin Support,2013,6738
Broad Based - Admin Support,Broad Based - Admin Support,2012,3361
Broad Based - Admin Support,Broad Based - Admin Support,2011,3991
Broad Based - Admin Support,Broad Based - Admin Support,2010,801
Building Services,Building Services,2020,6164
Building Services,Building Services,2019,8510
Building Services,Building Services,2018,9824
Building Services,Building Services,2017,5420
Building Services,Building Services,2016,4500
Building Services,Building Services,2015,2969
Building Services,Building Services,2014,1876
Building Services,Building Services,2013,2172
Building Services,Building Services,2012,970
Building Services,Building Services,2011,807
Building Services,Building Services,2010,138
Cardiac - Pulmonary Services,Cardiac - Pulmonary Services,2020,4766
Cardiac - Pulmonary Services,Cardiac - Pulmonary Services,2019,9775
Cardiac - Pulmonary Services,Cardiac - Pulmonary Services,2018,9070
Cardiac - Pulmonary Services,Cardiac - Pulmonary Services,2017,4501
Cardiac - Pulmonary Services,Cardiac - Pulmonary Services,2016,4784
Cardiac - Pulmonary Services,Cardiac - Pulmonary Services,2015,2678
Cardiac - Pulmonary Services,Cardiac - Pulmonary Services,2014,1451
Cardiac - Pulmonary Services,Cardiac - Pulmonary Services,2013,1581
Cardiac - Pulmonary Services,Cardiac - Pulmonary Services,2012,1357
Cardiac - Pulmonary Services,Cardiac - Pulmonary Services,2011,1048
Cardiac - Pulmonary Services,Cardiac - Pulmonary Services,2010,325
Care Management - Social Svcs,Care Management - Social Svcs,2020,4700
Care Management - Social Svcs,Care Management - Social Svcs,2019,9332
Care Management - Social Svcs,Care Management - Social Svcs,2018,10725
Care Management - Social Svcs,Care Management - Social Svcs,2017,6451
Care Management - Social Svcs,Care Management - Social Svcs,2016,6608
Care Management - Social Svcs,Care Management - Social Svcs,2015,3509
Care Management - Social Svcs,Care Management - Social Svcs,2014,2212
Care Management - Social Svcs,Care Management - Social Svcs,2013,2846
Care Management - Social Svcs,Care Management - Social Svcs,2012,2035
Care Management - Social Svcs,Care Management - Social Svcs,2011,1348
Care Management - Social Svcs,Care Management - Social Svcs,2010,246
Communications - Public Affair,Communications - Public Affair,2020,570
Communications - Public Affair,Communications - Public Affair,2019,743
Communications - Public Affair,Communications - Public Affair,2018,992
Communications - Public Affair,Communications - Public Affair,2017,538
Communications - Public Affair,Communications - Public Affair,2016,473
Communications - Public Affair,Communications - Public Affair,2015,234
Communications - Public Affair,Communications - Public Affair,2014,156
Communications - Public Affair,Communications - Public Affair,2013,196
Communications - Public Affair,Communications - Public Affair,2012,124
Communications - Public Affair,Communications - Public Affair,2011,125
Communications - Public Affair,Communications - Public Affair,2010,21
Community Health,Community Health,2020,1069
Community Health,Community Health,2019,2046
Community Health,Community Health,2018,2692
Community Health,Community Health,2017,1662
Community Health,Community Health,2016,1724
Community Health,Community Health,2015,174
Community Health,Community Health,2014,130
Community Health,Community Health,2013,142
Community Health,Community Health,2012,81
Community Health,Community Health,2011,83
Community Health,Community Health,2010,23
Dental Services,Dental Services,2020,653
Dental Services,Dental Services,2019,1026
Dental Services,Dental Services,2018,998
Dental Services,Dental Services,2017,489
Dental Services,Dental Services,2016,746
Dental Services,Dental Services,2015,33
Dental Services,Dental Services,2014,40
Dental Services,Dental Services,2013,31
Dental Services,Dental Services,2012,11
Dental Services,Dental Services,2011,5
Dental Services,Dental Services,2010,2
Development,Development,2020,603
Development,Development,2019,814
Development,Development,2018,1190
Development,Development,2017,676
Development,Development,2016,638
Development,Development,2015,425
Development,Development,2014,312
Development,Development,2013,301
Development,Development,2012,258
Development,Development,2011,214
Development,Development,2010,24
Education,Education,2020,109
Education,Education,2019,120
Education,Education,2018,116
Education,Education,2017,122
Education,Education,2016,53
Education,Education,2015,13
Education,Education,2014,39
Education,Education,2013,4
Education,Education,2012,6
Education,Education,2011,12
Education,Education,2010,3
Emergency Management,Emergency Management,2020,48
Emergency Management,Emergency Management,2019,51
Emergency Management,Emergency Management,2018,22
Emergency Management,Emergency Management,2017,11
Emergency Management,Emergency Management,2016,27
Emergency Management,Emergency Management,2015,3
Emergency Management,Emergency Management,2014,4
Emergency Management,Emergency Management,2013,8
Emergency Management,Emergency Management,2012,1
Emergency Management,Emergency Management,2011,4
Executive/Leadership,Executive/Leadership,2020,789
Executive/Leadership,Executive/Leadership,2019,1181
Executive/Leadership,Executive/Leadership,2018,1701
Executive/Leadership,Executive/Leadership,2017,1040
Executive/Leadership,Executive/Leadership,2016,1284
Executive/Leadership,Executive/Leadership,2015,830
Executive/Leadership,Executive/Leadership,2014,619
Executive/Leadership,Executive/Leadership,2013,782
Executive/Leadership,Executive/Leadership,2012,562
Executive/Leadership,Executive/Leadership,2011,571
Executive/Leadership,Executive/Leadership,2010,106
Faculty,Faculty,2020,54011
Faculty,Faculty,2019,75830
Faculty,Faculty,2018,81288
Faculty,Faculty,2017,43485
Faculty,Faculty,2016,55254
Faculty,Faculty,2015,37625
Faculty,Faculty,2014,31302
Faculty,Faculty,2013,35221
Faculty,Faculty,2012,12776
Faculty,Faculty,2011,12143
Faculty,Faculty,2010,1653
Finance,Finance,2020,6689
Finance,Finance,2019,12361
Finance,Finance,2018,13865
Finance,Finance,2017,8664
Finance,Finance,2016,10464
Finance,Finance,2015,3403
Finance,Finance,2014,2132
Finance,Finance,2013,2499
Finance,Finance,2012,1358
Finance,Finance,2011,1798
Finance,Finance,2010,540
Food - Nutrition,Food - Nutrition,2020,3529
Food - Nutrition,Food - Nutrition,2019,6025
Food - Nutrition,Food - Nutrition,2018,5986
Food - Nutrition,Food - Nutrition,2017,3101
Food - Nutrition,Food - Nutrition,2016,3370
Food - Nutrition,Food - Nutrition,2015,1739
Food - Nutrition,Food - Nutrition,2014,1172
Food - Nutrition,Food - Nutrition,2013,1595
Food - Nutrition,Food - Nutrition,2012,831
Food - Nutrition,Food - Nutrition,2011,887
Food - Nutrition,Food - Nutrition,2010,191
Health Information Management,Health Information Management,2020,2083
Health Information Management,Health Information Management,2019,4284
Health Information Management,Health Information Management,2018,4757
Health Information Management,Health Information Management,2017,2792
Health Information Management,Health Information Management,2016,2519
Health Information Management,Health Information Management,2015,2211
Health Information Management,Health Information Management,2014,1356
Health Information Management,Health Information Management,2013,2781
Health Information Management,Health Information Management,2012,1115
Health Information Management,Health Information Management,2011,779
Health Information Management,Health Information Management,2010,121
HHMI - Personnel,HHMI - Personnel,2020,136
HHMI - Personnel,HHMI - Personnel,2019,103
HHMI - Personnel,HHMI - Personnel,2018,111
HHMI - Personnel,HHMI - Personnel,2017,78
HHMI - Personnel,HHMI - Personnel,2016,69
HHMI - Personnel,HHMI - Personnel,2015,68
HHMI - Personnel,HHMI - Personnel,2014,42
HHMI - Personnel,HHMI - Personnel,2013,63
HHMI - Personnel,HHMI - Personnel,2012,14
HHMI - Personnel,HHMI - Personnel,2011,29
HHMI - Personnel,HHMI - Personnel,2010,2
Home Care,Home Care,2020,56
Home Care,Home Care,2019,229
Home Care,Home Care,2018,113
Home Care,Home Care,2017,45
Home Care,Home Care,2016,14
Home Care,Home Care,2015,11
Home Care,Home Care,2014,8
Home Care,Home Care,2013,10
Home Care,Home Care,2012,7
Home Care,Home Care,2011,5
Home Care,Home Care,2010,8
Home Health,Home Health,2020,206
Home Health,Home Health,2019,718
Home Health,Home Health,2018,309
Home Health,Home Health,2017,128
Home Health,Home Health,2016,137
Home Health,Home Health,2015,54
Home Health,Home Health,2014,69
Home Health,Home Health,2013,73
Home Health,Home Health,2012,71
Home Health,Home Health,2011,54
Home Health,Home Health,2010,38
Hospital Operations,Hospital Operations,2020,628
Hospital Operations,Hospital Operations,2019,854
Hospital Operations,Hospital Operations,2018,832
Hospital Operations,Hospital Operations,2017,441
Hospital Operations,Hospital Operations,2016,447
Hospital Operations,Hospital Operations,2015,195
Hospital Operations,Hospital Operations,2014,193
Hospital Operations,Hospital Operations,2013,122
Hospital Operations,Hospital Operations,2012,123
Hospital Operations,Hospital Operations,2011,91
Hospital Operations,Hospital Operations,2010,26
Human Resources,Human Resources,2020,1736
Human Resources,Human Resources,2019,2181
Human Resources,Human Resources,2018,2549
Human Resources,Human Resources,2017,1751
Human Resources,Human Resources,2016,1263
Human Resources,Human Resources,2015,556
Human Resources,Human Resources,2014,467
Human Resources,Human Resources,2013,630
Human Resources,Human Resources,2012,351
Human Resources,Human Resources,2011,341
Human Resources,Human Resources,2010,60
Infection Control,Infection Control,2020,75
Infection Control,Infection Control,2019,446
Infection Control,Infection Control,2018,123
Infection Control,Infection Control,2017,40
Infection Control,Infection Control,2016,69
Infection Control,Infection Control,2015,50
Infection Control,Infection Control,2014,55
Infection Control,Infection Control,2013,43
Infection Control,Infection Control,2012,30
Infection Control,Infection Control,2011,10
Infection Control,Infection Control,2010,5
Information Systems,Information Systems,2020,32
Information Systems,Information Systems,2019,31
Information Systems,Information Systems,2018,26
Information Systems,Information Systems,2017,35
Information Systems,Information Systems,2016,13
Information Systems,Information Systems,2015,3
Information Systems,Information Systems,2014,7
Intern,Intern,2020,582
Intern,Intern,2019,446
Intern,Intern,2018,154
Intern,Intern,2017,38
Intern,Intern,2016,16
Intern,Intern,2015,4
IT - Data Management,IT - Data Management,2020,8214
IT - Data Management,IT - Data Management,2019,9341
IT - Data Management,IT - Data Management,2018,12866
IT - Data Management,IT - Data Management,2017,7181
IT - Data Management,IT - Data Management,2016,5833
IT - Data Management,IT - Data Management,2015,3243
IT - Data Management,IT - Data Management,2014,2697
IT - Data Management,IT - Data Management,2013,3488
IT - Data Management,IT - Data Management,2012,1747
IT - Data Management,IT - Data Management,2011,1944
IT - Data Management,IT - Data Management,2010,401
IT - Data Management-Epic,IT - Data Management-Epic,2020,1480
IT - Data Management-Epic,IT - Data Management-Epic,2019,1928
IT - Data Management-Epic,IT - Data Management-Epic,2018,4030
IT - Data Management-Epic,IT - Data Management-Epic,2017,1898
IT - Data Management-Epic,IT - Data Management-Epic,2016,2214
IT - Data Management-Epic,IT - Data Management-Epic,2015,1556
IT - Data Management-Epic,IT - Data Management-Epic,2014,1448
IT - Data Management-Epic,IT - Data Management-Epic,2013,817
IT - Data Management-Epic,IT - Data Management-Epic,2012,575
IT - Data Management-Epic,IT - Data Management-Epic,2011,635
IT - Data Management-Epic,IT - Data Management-Epic,2010,82
Laboratory Operations,Laboratory Operations,2020,6864
Laboratory Operations,Laboratory Operations,2019,10103
Laboratory Operations,Laboratory Operations,2018,9736
Laboratory Operations,Laboratory Operations,2017,6229
Laboratory Operations,Laboratory Operations,2016,6859
Laboratory Operations,Laboratory Operations,2015,4831
Laboratory Operations,Laboratory Operations,2014,2761
Laboratory Operations,Laboratory Operations,2013,4009
Laboratory Operations,Laboratory Operations,2012,1784
Laboratory Operations,Laboratory Operations,2011,1853
Laboratory Operations,Laboratory Operations,2010,279
Leadership/Executive Support,Leadership/Executive Support,2020,628
Leadership/Executive Support,Leadership/Executive Support,2019,918
Leadership/Executive Support,Leadership/Executive Support,2018,1280
Leadership/Executive Support,Leadership/Executive Support,2017,1047
Leadership/Executive Support,Leadership/Executive Support,2016,1131
Leadership/Executive Support,Leadership/Executive Support,2015,563
Leadership/Executive Support,Leadership/Executive Support,2014,363
Leadership/Executive Support,Leadership/Executive Support,2013,484
Leadership/Executive Support,Leadership/Executive Support,2012,149
Leadership/Executive Support,Leadership/Executive Support,2011,277
Leadership/Executive Support,Leadership/Executive Support,2010,85
Legal - Compliance,Legal - Compliance,2020,645
Legal - Compliance,Legal - Compliance,2019,787
Legal - Compliance,Legal - Compliance,2018,1102
Legal - Compliance,Legal - Compliance,2017,660
Legal - Compliance,Legal - Compliance,2016,554
Legal - Compliance,Legal - Compliance,2015,423
Legal - Compliance,Legal - Compliance,2014,581
Legal - Compliance,Legal - Compliance,2013,440
Legal - Compliance,Legal - Compliance,2012,141
Legal - Compliance,Legal - Compliance,2011,256
Legal - Compliance,Legal - Compliance,2010,28
Legal & Regulatory Affairs,Legal & Regulatory Affairs,2020,246
Legal & Regulatory Affairs,Legal & Regulatory Affairs,2019,546
Legal & Regulatory Affairs,Legal & Regulatory Affairs,2018,450
Legal & Regulatory Affairs,Legal & Regulatory Affairs,2017,202
Legal & Regulatory Affairs,Legal & Regulatory Affairs,2016,205
Legal & Regulatory Affairs,Legal & Regulatory Affairs,2015,128
Legal & Regulatory Affairs,Legal & Regulatory Affairs,2014,132
Legal & Regulatory Affairs,Legal & Regulatory Affairs,2013,147
Legal & Regulatory Affairs,Legal & Regulatory Affairs,2012,85
Legal & Regulatory Affairs,Legal & Regulatory Affairs,2011,71
Legal & Regulatory Affairs,Legal & Regulatory Affairs,2010,37
Library Services,Library Services,2020,64
Library Services,Library Services,2019,107
Library Services,Library Services,2018,165
Library Services,Library Services,2017,73
Library Services,Library Services,2016,102
Library Services,Library Services,2015,28
Library Services,Library Services,2014,23
Library Services,Library Services,2013,57
Library Services,Library Services,2012,3
Library Services,Library Services,2011,35
Library Services,Library Services,2010,2
Managed Care,Managed Care,2020,139
Managed Care,Managed Care,2019,292
Managed Care,Managed Care,2018,402
Managed Care,Managed Care,2017,236
Managed Care,Managed Care,2016,187
Managed Care,Managed Care,2015,175
Managed Care,Managed Care,2014,56
Managed Care,Managed Care,2013,116
Managed Care,Managed Care,2012,37
Managed Care,Managed Care,2011,118
Managed Care,Managed Care,2010,21
Medical Administrative,Medical Administrative,2020,2711
Medical Administrative,Medical Administrative,2019,549
Medical Administrative,Medical Administrative,2018,304
Medical Administrative,Medical Administrative,2017,161
Medical Administrative,Medical Administrative,2016,165
Medical Administrative,Medical Administrative,2015,140
Medical Administrative,Medical Administrative,2014,32
Medical Administrative,Medical Administrative,2013,66
Medical Administrative,Medical Administrative,2012,15
Medical Administrative,Medical Administrative,2011,6
Medical Administrative,Medical Administrative,2010,3
Medical Adminstrative,Medical Adminstrative,2020,4
Medical Adminstrative,Medical Adminstrative,2019,14
Medical Adminstrative,Medical Adminstrative,2018,16
Medical Adminstrative,Medical Adminstrative,2017,10
Medical Adminstrative,Medical Adminstrative,2016,28
Middle Level Management,Middle Level Management,2020,407
Middle Level Management,Middle Level Management,2019,759
Middle Level Management,Middle Level Management,2018,903
Middle Level Management,Middle Level Management,2017,592
Middle Level Management,Middle Level Management,2016,683
Middle Level Management,Middle Level Management,2015,341
Middle Level Management,Middle Level Management,2014,471
Middle Level Management,Middle Level Management,2013,877
Middle Level Management,Middle Level Management,2012,392
Middle Level Management,Middle Level Management,2011,160
Middle Level Management,Middle Level Management,2010,47
Network Integration,Network Integration,2020,12
Network Integration,Network Integration,2019,21
Network Integration,Network Integration,2018,36
Network Integration,Network Integration,2017,26
Network Integration,Network Integration,2016,22
Network Integration,Network Integration,2015,24
Network Integration,Network Integration,2014,47
Network Integration,Network Integration,2013,56
Network Integration,Network Integration,2012,6
Network Integration,Network Integration,2011,41
Network Integration,Network Integration,2010,4
Nursing,Nursing,2020,267449
Nursing,Nursing,2019,404574
Nursing,Nursing,2018,370670
Nursing,Nursing,2017,231322
Nursing,Nursing,2016,175836
Nursing,Nursing,2015,113923
Nursing,Nursing,2014,80469
Nursing,Nursing,2013,68340
Nursing,Nursing,2012,49804
Nursing,Nursing,2011,34425
Nursing,Nursing,2010,5993
Nursing Staff,Nursing Staff,2020,64
Nursing Staff,Nursing Staff,2019,74
Nursing Staff,Nursing Staff,2018,192
Nursing Staff,Nursing Staff,2017,70
Nursing Staff,Nursing Staff,2016,63
Nursing Staff,Nursing Staff,2015,78
Nursing Staff,Nursing Staff,2014,72
Nursing Staff,Nursing Staff,2013,44
Nursing Staff,Nursing Staff,2012,27
Nursing Staff,Nursing Staff,2011,19
Patient Care Administive,Patient Care Administive,2020,19085
Patient Care Administive,Patient Care Administive,2019,31853
Patient Care Administive,Patient Care Administive,2018,34440
Patient Care Administive,Patient Care Administive,2017,23268
Patient Care Administive,Patient Care Administive,2016,20788
Patient Care Administive,Patient Care Administive,2015,16557
Patient Care Administive,Patient Care Administive,2014,5659
Patient Care Administive,Patient Care Administive,2013,7928
Patient Care Administive,Patient Care Administive,2012,3801
Patient Care Administive,Patient Care Administive,2011,3796
Patient Care Administive,Patient Care Administive,2010,402
Patient Care Services,Patient Care Services,2020,43759
Patient Care Services,Patient Care Services,2019,65091
Patient Care Services,Patient Care Services,2018,69810
Patient Care Services,Patient Care Services,2017,45747
Patient Care Services,Patient Care Services,2016,39505
Patient Care Services,Patient Care Services,2015,22747
Patient Care Services,Patient Care Services,2014,14789
Patient Care Services,Patient Care Services,2013,16286
Patient Care Services,Patient Care Services,2012,7524
Patient Care Services,Patient Care Services,2011,6658
Patient Care Services,Patient Care Services,2010,1452
Patient Experience,Patient Experience,2020,2839
Patient Experience,Patient Experience,2019,5006
Patient Experience,Patient Experience,2018,5459
Patient Experience,Patient Experience,2017,2372
Patient Experience,Patient Experience,2016,2515
Patient Experience,Patient Experience,2015,1453
Patient Experience,Patient Experience,2014,909
Patient Experience,Patient Experience,2013,1406
Patient Experience,Patient Experience,2012,699
Patient Experience,Patient Experience,2011,701
Patient Experience,Patient Experience,2010,151
Perioperative Services,Perioperative Services,2020,4632
Perioperative Services,Perioperative Services,2019,6318
Perioperative Services,Perioperative Services,2018,6977
Perioperative Services,Perioperative Services,2017,3767
Perioperative Services,Perioperative Services,2016,4968
Perioperative Services,Perioperative Services,2015,3376
Perioperative Services,Perioperative Services,2014,2758
Perioperative Services,Perioperative Services,2013,2551
Perioperative Services,Perioperative Services,2012,2008
Perioperative Services,Perioperative Services,2011,1792
Perioperative Services,Perioperative Services,2010,419
Pharmacy,Pharmacy,2020,4576
Pharmacy,Pharmacy,2019,8487
Pharmacy,Pharmacy,2018,8926
Pharmacy,Pharmacy,2017,4668
Pharmacy,Pharmacy,2016,3854
Pharmacy,Pharmacy,2015,2718
Pharmacy,Pharmacy,2014,1377
Pharmacy,Pharmacy,2013,2095
Pharmacy,Pharmacy,2012,1412
Pharmacy,Pharmacy,2011,823
Pharmacy,Pharmacy,2010,191
Physicians,Physicians,2020,41857
Physicians,Physicians,2019,53199
Physicians,Physicians,2018,53452
Physicians,Physicians,2017,34392
Physicians,Physicians,2016,28504
Physicians,Physicians,2015,15297
Physicians,Physicians,2014,8476
Physicians,Physicians,2013,5004
Physicians,Physicians,2012,2003
Physicians,Physicians,2011,1826
Physicians,Physicians,2010,114
Practice - Ambulatory Opers,Practice - Ambulatory Opers,2020,2573
Practice - Ambulatory Opers,Practice - Ambulatory Opers,2019,4575
Practice - Ambulatory Opers,Practice - Ambulatory Opers,2018,8478
Practice - Ambulatory Opers,Practice - Ambulatory Opers,2017,8006
Practice - Ambulatory Opers,Practice - Ambulatory Opers,2016,7629
Practice - Ambulatory Opers,Practice - Ambulatory Opers,2015,6054
Practice - Ambulatory Opers,Practice - Ambulatory Opers,2014,2039
Practice - Ambulatory Opers,Practice - Ambulatory Opers,2013,2637
Practice - Ambulatory Opers,Practice - Ambulatory Opers,2012,1189
Practice - Ambulatory Opers,Practice - Ambulatory Opers,2011,1022
Practice - Ambulatory Opers,Practice - Ambulatory Opers,2010,124
Program/Project,Program/Project,2020,2700
Program/Project,Program/Project,2019,3127
Program/Project,Program/Project,2018,3060
Program/Project,Program/Project,2017,2080
Program/Project,Program/Project,2016,1629
Program/Project,Program/Project,2015,1145
Program/Project,Program/Project,2014,757
Program/Project,Program/Project,2013,969
Program/Project,Program/Project,2012,331
Program/Project,Program/Project,2011,368
Program/Project,Program/Project,2010,33
Psych - Counseling,Psych - Counseling,2020,2094
Psych - Counseling,Psych - Counseling,2019,2840
Psych - Counseling,Psych - Counseling,2018,2699
Psych - Counseling,Psych - Counseling,2017,1325
Psych - Counseling,Psych - Counseling,2016,1542
Psych - Counseling,Psych - Counseling,2015,1001
Psych - Counseling,Psych - Counseling,2014,618
Psych - Counseling,Psych - Counseling,2013,702
Psych - Counseling,Psych - Counseling,2012,234
Psych - Counseling,Psych - Counseling,2011,400
Psych - Counseling,Psych - Counseling,2010,46
Quality - Outcomes,Quality - Outcomes,2020,288
Quality - Outcomes,Quality - Outcomes,2019,561
Quality - Outcomes,Quality - Outcomes,2018,791
Quality - Outcomes,Quality - Outcomes,2017,491
Quality - Outcomes,Quality - Outcomes,2016,759
Quality - Outcomes,Quality - Outcomes,2015,344
Quality - Outcomes,Quality - Outcomes,2014,216
Quality - Outcomes,Quality - Outcomes,2013,296
Quality - Outcomes,Quality - Outcomes,2012,119
Quality - Outcomes,Quality - Outcomes,2011,242
Quality - Outcomes,Quality - Outcomes,2010,11
Quality Improvement,Quality Improvement,2020,261
Quality Improvement,Quality Improvement,2019,919
Quality Improvement,Quality Improvement,2018,692
Quality Improvement,Quality Improvement,2017,361
Quality Improvement,Quality Improvement,2016,395
Quality Improvement,Quality Improvement,2015,286
Quality Improvement,Quality Improvement,2014,279
Quality Improvement,Quality Improvement,2013,255
Quality Improvement,Quality Improvement,2012,248
Quality Improvement,Quality Improvement,2011,148
Quality Improvement,Quality Improvement,2010,86
Radiation Oncology,Radiation Oncology,2020,885
Radiation Oncology,Radiation Oncology,2019,1703
Radiation Oncology,Radiation Oncology,2018,1330
Radiation Oncology,Radiation Oncology,2017,577
Radiation Oncology,Radiation Oncology,2016,527
Radiation Oncology,Radiation Oncology,2015,418
Radiation Oncology,Radiation Oncology,2014,283
Radiation Oncology,Radiation Oncology,2013,283
Radiation Oncology,Radiation Oncology,2012,197
Radiation Oncology,Radiation Oncology,2011,195
Radiation Oncology,Radiation Oncology,2010,71
Radiology,Radiology,2020,13541
Radiology,Radiology,2019,22220
Radiology,Radiology,2018,23662
Radiology,Radiology,2017,12369
Radiology,Radiology,2016,10104
Radiology,Radiology,2015,8031
Radiology,Radiology,2014,3714
Radiology,Radiology,2013,4336
Radiology,Radiology,2012,2725
Radiology,Radiology,2011,2039
Radiology,Radiology,2010,441
Real Estate - Facilities,Real Estate - Facilities,2020,3226
Real Estate - Facilities,Real Estate - Facilities,2019,3511
Real Estate - Facilities,Real Estate - Facilities,2018,4369
Real Estate - Facilities,Real Estate - Facilities,2017,2906
Real Estate - Facilities,Real Estate - Facilities,2016,3664
Real Estate - Facilities,Real Estate - Facilities,2015,2093
Real Estate - Facilities,Real Estate - Facilities,2014,1170
Real Estate - Facilities,Real Estate - Facilities,2013,1760
Real Estate - Facilities,Real Estate - Facilities,2012,609
Real Estate - Facilities,Real Estate - Facilities,2011,605
Real Estate - Facilities,Real Estate - Facilities,2010,69
Regulatory Affairs,Regulatory Affairs,2020,58
Regulatory Affairs,Regulatory Affairs,2019,31
Regulatory Affairs,Regulatory Affairs,2018,84
Regulatory Affairs,Regulatory Affairs,2017,36
Regulatory Affairs,Regulatory Affairs,2016,65
Regulatory Affairs,Regulatory Affairs,2015,38
Regulatory Affairs,Regulatory Affairs,2014,18
Regulatory Affairs,Regulatory Affairs,2013,47
Regulatory Affairs,Regulatory Affairs,2012,41
Regulatory Affairs,Regulatory Affairs,2011,22
Regulatory Affairs,Regulatory Affairs,2010,3
Rehab Medicine/Therapy,Rehab Medicine/Therapy,2020,13969
Rehab Medicine/Therapy,Rehab Medicine/Therapy,2019,18935
Rehab Medicine/Therapy,Rehab Medicine/Therapy,2018,21427
Rehab Medicine/Therapy,Rehab Medicine/Therapy,2017,12480
Rehab Medicine/Therapy,Rehab Medicine/Therapy,2016,12706
Rehab Medicine/Therapy,Rehab Medicine/Therapy,2015,9427
Rehab Medicine/Therapy,Rehab Medicine/Therapy,2014,5954
Rehab Medicine/Therapy,Rehab Medicine/Therapy,2013,5579
Rehab Medicine/Therapy,Rehab Medicine/Therapy,2012,2640
Rehab Medicine/Therapy,Rehab Medicine/Therapy,2011,2699
Rehab Medicine/Therapy,Rehab Medicine/Therapy,2010,268
Research,Research,2020,16624
Research,Research,2019,17455
Research,Research,2018,17670
Research,Research,2017,12627
Research,Research,2016,8821
Research,Research,2015,4991
Research,Research,2014,3240
Research,Research,2013,4150
Research,Research,2012,1848
Research,Research,2011,1647
Research,Research,2010,148
Retirees,Retirees,2020,292
Retirees,Retirees,2019,1055
Retirees,Retirees,2018,2335
Retirees,Retirees,2017,2454
Retirees,Retirees,2016,2440
Retirees,Retirees,2015,2006
Retirees,Retirees,2014,1452
Retirees,Retirees,2013,2071
Retirees,Retirees,2012,1207
Retirees,Retirees,2011,1380
Retirees,Retirees,2010,151
Revenue Cycle,Revenue Cycle,2020,7674
Revenue Cycle,Revenue Cycle,2019,15341
Revenue Cycle,Revenue Cycle,2018,13604
Revenue Cycle,Revenue Cycle,2017,8356
Revenue Cycle,Revenue Cycle,2016,6976
Revenue Cycle,Revenue Cycle,2015,5804
Revenue Cycle,Revenue Cycle,2014,3426
Revenue Cycle,Revenue Cycle,2013,3309
Revenue Cycle,Revenue Cycle,2012,2019
Revenue Cycle,Revenue Cycle,2011,2309
Revenue Cycle,Revenue Cycle,2010,372
Revenue Cycle - Billing,Revenue Cycle - Billing,2020,6545
Revenue Cycle - Billing,Revenue Cycle - Billing,2019,5986
Revenue Cycle - Billing,Revenue Cycle - Billing,2018,8178
Revenue Cycle - Billing,Revenue Cycle - Billing,2017,5537
Revenue Cycle - Billing,Revenue Cycle - Billing,2016,5065
Revenue Cycle - Billing,Revenue Cycle - Billing,2015,3880
Revenue Cycle - Billing,Revenue Cycle - Billing,2014,2669
Revenue Cycle - Billing,Revenue Cycle - Billing,2013,2854
Revenue Cycle - Billing,Revenue Cycle - Billing,2012,1412
Revenue Cycle - Billing,Revenue Cycle - Billing,2011,2029
Revenue Cycle - Billing,Revenue Cycle - Billing,2010,131
Security,Security,2020,2511
Security,Security,2019,3174
Security,Security,2018,2913
Security,Security,2017,1839
Security,Security,2016,1980
Security,Security,2015,832
Security,Security,2014,776
Security,Security,2013,668
Security,Security,2012,310
Security,Security,2011,347
Security,Security,2010,45
Service/Other,Service/Other,2020,93
Service/Other,Service/Other,2019,236
Service/Other,Service/Other,2018,11737
Service/Other,Service/Other,2017,11732
Service/Other,Service/Other,2016,9307
Service/Other,Service/Other,2015,6695
Service/Other,Service/Other,2014,5143
Service/Other,Service/Other,2013,3972
Service/Other,Service/Other,2012,2716
Service/Other,Service/Other,2011,1938
Service/Other,Service/Other,2010,912
Strategic Plan - Business Dvlp,Strategic Plan - Business Dvlp,2020,278
Strategic Plan - Business Dvlp,Strategic Plan - Business Dvlp,2019,344
Strategic Plan - Business Dvlp,Strategic Plan - Business Dvlp,2018,606
Strategic Plan - Business Dvlp,Strategic Plan - Business Dvlp,2017,437
Strategic Plan - Business Dvlp,Strategic Plan - Business Dvlp,2016,412
Strategic Plan - Business Dvlp,Strategic Plan - Business Dvlp,2015,301
Strategic Plan - Business Dvlp,Strategic Plan - Business Dvlp,2014,144
Strategic Plan - Business Dvlp,Strategic Plan - Business Dvlp,2013,216
Strategic Plan - Business Dvlp,Strategic Plan - Business Dvlp,2012,97
Strategic Plan - Business Dvlp,Strategic Plan - Business Dvlp,2011,171
Strategic Plan - Business Dvlp,Strategic Plan - Business Dvlp,2010,40
Student Intern,Student Intern,2020,393
Student Intern,Student Intern,2019,891
Student Intern,Student Intern,2018,1054
Student Intern,Student Intern,2017,576
Student Intern,Student Intern,2016,185
Student Intern,Student Intern,2015,58
Student Intern,Student Intern,2014,36
Student Intern,Student Intern,2013,20
Student Intern,Student Intern,2012,7
Supply Chain,Supply Chain,2020,1924
Supply Chain,Supply Chain,2019,2925
Supply Chain,Supply Chain,2018,4036
Supply Chain,Supply Chain,2017,2385
Supply Chain,Supply Chain,2016,2193
Supply Chain,Supply Chain,2015,1826
Supply Chain,Supply Chain,2014,1282
Supply Chain,Supply Chain,2013,1585
Supply Chain,Supply Chain,2012,888
Supply Chain,Supply Chain,2011,816
Supply Chain,Supply Chain,2010,238
TimeKeeper,TimeKeeper,2020,8
TimeKeeper,TimeKeeper,2019,15
TimeKeeper,TimeKeeper,2018,24
TimeKeeper,TimeKeeper,2017,4
TimeKeeper,TimeKeeper,2016,4
TimeKeeper,TimeKeeper,2015,5
TimeKeeper,TimeKeeper,2014,2
TimeKeeper,TimeKeeper,2013,3
TimeKeeper,TimeKeeper,2012,3
TimeKeeper,TimeKeeper,2011,4
Trainees,Trainees,2020,11463
Trainees,Trainees,2019,9577
Trainees,Trainees,2018,8410
Trainees,Trainees,2017,5020
Trainees,Trainees,2016,4134
Trainees,Trainees,2015,2958
Trainees,Trainees,2014,1623
Trainees,Trainees,2013,1148
Trainees,Trainees,2012,317
Trainees,Trainees,2011,159
Transplant Services,Transplant Services,2020,818
Transplant Services,Transplant Services,2019,869
Transplant Services,Transplant Services,2018,1195
Transplant Services,Transplant Services,2017,1097
Transplant Services,Transplant Services,2016,846
Transplant Services,Transplant Services,2015,763
Transplant Services,Transplant Services,2014,587
Transplant Services,Transplant Services,2013,306
Transplant Services,Transplant Services,2012,291
Transplant Services,Transplant Services,2011,155
Transplant Services,Transplant Services,2010,9
Volunteer,Volunteer,2020,7318
Volunteer,Volunteer,2019,11940
Volunteer,Volunteer,2018,10376
Volunteer,Volunteer,2017,2304
Volunteer,Volunteer,2016,398
Volunteer,Volunteer,2015,177
Volunteer,Volunteer,2014,149
Volunteer,Volunteer,2013,98
Volunteer,Volunteer,2012,58
Volunteer,Volunteer,2011,24
Volunteer,Volunteer,2010,2
